Id,Predicted
191105,Entertainment
279586,Entertainment
122294,Business
94292,Health
39213,Technology
111663,Technology
199065,Entertainment
189775,Entertainment
270987,Entertainment
253522,Entertainment
64098,Technology
268881,Entertainment
40006,Technology
102345,Health
290660,Entertainment
188664,Entertainment
247048,Entertainment
261986,Entertainment
44861,Technology
271640,Entertainment
122921,Technology
275125,Entertainment
47501,Technology
226838,Entertainment
127572,Business
222934,Entertainment
196057,Entertainment
226400,Entertainment
209300,Entertainment
180474,Business
133900,Technology
117822,Business
159927,Business
246581,Entertainment
243682,Entertainment
263203,Entertainment
7138,Technology
227614,Entertainment
163736,Business
278352,Entertainment
135843,Business
163349,Business
39168,Technology
72701,Health
148539,Technology
15235,Technology
38076,Technology
80006,Health
73731,Health
138258,Business
126758,Business
135238,Business
153867,Business
134402,Business
253659,Technology
189912,Entertainment
19112,Technology
47816,Entertainment
30522,Technology
154932,Business
267387,Entertainment
15125,Business
174069,Business
50216,Technology
80813,Health
119289,Technology
156927,Business
290604,Entertainment
96119,Health
110619,Business
63307,Entertainment
227789,Entertainment
42810,Technology
240643,Entertainment
274842,Entertainment
287990,Entertainment
272309,Entertainment
277585,Entertainment
115515,Business
100729,Technology
41870,Technology
137951,Business
205156,Entertainment
210988,Entertainment
127386,Business
210248,Entertainment
201989,Entertainment
239210,Entertainment
205193,Entertainment
43580,Technology
224038,Entertainment
53143,Technology
201390,Entertainment
248403,Entertainment
212576,Entertainment
222692,Entertainment
187095,Entertainment
61112,Technology
73014,Health
2711,Technology
1328,Technology
151817,Technology
152921,Business
159942,Business
117016,Business
9589,Technology
264119,Entertainment
137636,Business
23956,Technology
191471,Health
48524,Technology
167500,Business
287031,Entertainment
221273,Entertainment
25962,Technology
60803,Technology
271479,Entertainment
99862,Health
273747,Entertainment
2996,Technology
114606,Business
236674,Entertainment
276191,Entertainment
251431,Entertainment
250065,Entertainment
68668,Technology
188561,Entertainment
92101,Health
178912,Business
46042,Technology
24377,Business
57940,Technology
101931,Health
239618,Entertainment
3714,Technology
265642,Entertainment
85207,Health
134964,Business
11611,Technology
96450,Health
111396,Business
281183,Entertainment
240471,Entertainment
100468,Health
274304,Entertainment
228874,Entertainment
203662,Entertainment
207690,Technology
133973,Business
67602,Business
151731,Technology
55192,Health
124330,Business
255252,Entertainment
193596,Entertainment
95828,Health
7080,Technology
151216,Business
265921,Entertainment
104724,Health
250857,Entertainment
99441,Health
70325,Business
170773,Business
232986,Entertainment
260966,Entertainment
53647,Technology
273379,Entertainment
8590,Technology
285281,Entertainment
47222,Technology
200125,Entertainment
93137,Health
36992,Technology
14780,Technology
197987,Entertainment
9556,Technology
54376,Technology
191205,Entertainment
251410,Entertainment
128062,Business
196203,Entertainment
148411,Business
218272,Entertainment
200916,Entertainment
207912,Entertainment
240399,Entertainment
6214,Technology
225278,Entertainment
33636,Entertainment
41174,Technology
3674,Technology
162931,Technology
284904,Entertainment
227279,Entertainment
114787,Business
6473,Technology
39240,Technology
16569,Technology
184433,Technology
96957,Health
214822,Entertainment
72220,Technology
127022,Business
153526,Business
250870,Entertainment
284432,Entertainment
274651,Entertainment
56296,Technology
4475,Technology
64245,Business
197821,Entertainment
141858,Business
34407,Technology
145216,Business
267930,Business
281995,Entertainment
205132,Entertainment
61825,Technology
230900,Entertainment
194172,Entertainment
175027,Business
40816,Technology
33067,Technology
50548,Business
888,Technology
290480,Entertainment
283611,Entertainment
248159,Entertainment
259688,Entertainment
72195,Technology
70897,Business
266643,Entertainment
64462,Entertainment
261987,Entertainment
185209,Entertainment
15473,Technology
160796,Business
21971,Technology
152580,Business
100135,Health
164633,Business
24855,Technology
218239,Entertainment
130171,Business
184858,Entertainment
166515,Business
112149,Business
111538,Business
199026,Entertainment
7646,Technology
209116,Entertainment
282670,Entertainment
226623,Entertainment
288718,Entertainment
165328,Business
281977,Entertainment
77338,Health
148755,Technology
183561,Business
283566,Entertainment
69928,Technology
250867,Entertainment
131883,Business
191195,Entertainment
262687,Entertainment
135815,Business
159849,Business
45354,Technology
142894,Technology
242509,Entertainment
27008,Technology
104263,Health
290396,Entertainment
244832,Entertainment
140614,Business
239445,Entertainment
11464,Technology
244758,Entertainment
238130,Entertainment
222231,Entertainment
177056,Business
217170,Entertainment
268522,Entertainment
118924,Business
215384,Entertainment
218906,Entertainment
232751,Entertainment
13040,Technology
285672,Entertainment
282722,Entertainment
92712,Health
267934,Entertainment
224868,Entertainment
91358,Health
37279,Technology
185960,Entertainment
248781,Entertainment
218842,Entertainment
192504,Entertainment
86668,Entertainment
79604,Business
97705,Health
205002,Entertainment
151594,Business
167577,Business
190335,Entertainment
6580,Entertainment
263459,Entertainment
193498,Entertainment
254814,Entertainment
241638,Entertainment
157553,Business
186590,Entertainment
70067,Business
70887,Technology
234848,Entertainment
93331,Health
12841,Technology
243024,Entertainment
6033,Business
186011,Entertainment
38659,Technology
273036,Entertainment
29758,Technology
71125,Technology
280688,Entertainment
243878,Entertainment
146121,Business
277558,Entertainment
180532,Business
133431,Business
237483,Entertainment
20446,Technology
93943,Health
260136,Entertainment
226142,Entertainment
34836,Technology
47430,Technology
192521,Entertainment
289711,Entertainment
223922,Business
263477,Entertainment
136369,Business
275002,Entertainment
275564,Entertainment
229675,Entertainment
83083,Health
210085,Entertainment
103285,Health
14845,Technology
121329,Business
99874,Health
263140,Entertainment
266982,Entertainment
51114,Technology
101122,Health
152210,Technology
46990,Technology
138744,Business
277679,Entertainment
152074,Technology
169595,Technology
184805,Entertainment
186333,Entertainment
201911,Entertainment
64825,Technology
73901,Health
52921,Technology
281973,Entertainment
98032,Health
66121,Technology
91404,Health
143032,Business
149856,Business
124144,Technology
233999,Entertainment
97237,Health
248463,Entertainment
185345,Entertainment
143539,Business
74622,Entertainment
194104,Entertainment
31808,Technology
76921,Entertainment
202885,Entertainment
85261,Health
53170,Business
260591,Entertainment
68640,Technology
123321,Business
282639,Entertainment
277359,Entertainment
247614,Entertainment
268055,Entertainment
208446,Entertainment
167203,Business
184848,Technology
170085,Business
70666,Business
13734,Technology
99816,Health
25170,Technology
126482,Business
5665,Entertainment
258059,Entertainment
21052,Technology
42921,Technology
190088,Entertainment
81698,Health
185044,Entertainment
277416,Technology
134292,Business
21452,Technology
116003,Technology
242394,Entertainment
17266,Technology
123752,Business
51261,Technology
246735,Entertainment
184856,Entertainment
192069,Entertainment
107270,Business
104284,Health
12217,Technology
201722,Entertainment
193080,Entertainment
13576,Technology
220186,Health
254715,Entertainment
166551,Business
278305,Entertainment
11269,Technology
153660,Business
253157,Entertainment
238708,Entertainment
34131,Technology
137493,Business
277572,Entertainment
251290,Entertainment
126739,Business
27342,Technology
109612,Business
95523,Health
94360,Health
172878,Business
200113,Entertainment
97245,Health
219563,Entertainment
9969,Technology
193334,Entertainment
218356,Entertainment
244259,Entertainment
229097,Entertainment
50634,Technology
5307,Technology
18403,Technology
34109,Technology
153730,Business
226579,Entertainment
284786,Entertainment
255635,Entertainment
229554,Entertainment
151069,Business
111967,Business
66940,Technology
195347,Entertainment
24585,Technology
279987,Technology
275177,Entertainment
170225,Business
89434,Health
249614,Entertainment
249471,Entertainment
86224,Technology
220963,Entertainment
209643,Entertainment
228391,Entertainment
219687,Entertainment
68388,Business
223477,Entertainment
54596,Technology
20627,Business
107264,Business
47284,Technology
179735,Business
41187,Technology
12523,Technology
48493,Technology
32706,Technology
114853,Business
38395,Technology
27578,Technology
154503,Business
194362,Entertainment
70726,Technology
289840,Entertainment
129673,Business
181650,Business
31394,Business
